706.79,FREE,0,19231221949
0,0,0,https://www.ebay.com/itm/Elm-Desk-Large-White/133505374281
, ,,13350537428
656.79,FREE,10,14318006205
581.85,FREE,10,14321127776
825.39,FREE,0,22236832047
571.70,FREE,0,22265170223
624.11,FREE,10,22265248355
844.91,FREE,0,22345502783
0,0,0,https://www.ebay.com/itmsy-Office-60W-2-Person-Cubicle-Desk-with-66H-Panels-in-White-Engineered-Wood/223996540747
, ,,22399654074
0,0,0,https://www.ebay.com/itmsy-Office-60W-L-Shaped-Cubicle-Desk-with-45H-Panels-in-White-Engineered-Wood/224000179622
, ,,22400017962
